{
  "future_rmse_per_item": [
    0.16691680252552032,
    0.13851182162761688,
    0.12860716879367828,
    0.13266265392303467,
    0.1555994600057602,
    0.08752802759408951
  ],
  "mean_future_rmse": 0.1349709928035736,
  "interval_coverage": 0.5983333333333334,
  "cutoff_fraction": 0.5,
  "dropout": 0.1,
  "band": [
    5.0,
    95.0
  ]
}