{
  "per_item_per_day_rmse": [
    [
      0.24062220752239227,
      0.10499130189418793,
      0.10055305063724518
    ],
    [
      0.18030092120170593,
      0.15357652306556702,
      0.13659505546092987
    ],
    [
      0.13902203738689423,
      0.13674552738666534,
      0.08876535296440125
    ],
    [
      0.1292542964220047,
      0.15012262761592865,
      0.10393348336219788
    ],
    [
      0.19015109539031982,
      0.178140327334404,
      0.1608295738697052
    ],
    [
      0.1022384986281395,
      0.08645161986351013,
      0.1082070991396904
    ]
  ],
  "mean_per_day": [
    0.1635981760919094,
    0.1350046545267105,
    0.11648060257236163
  ]
}