{
  "num_sequences": 30,
  "mean_flips": 10.0,
  "std_flips": 0.8944271909999159,
  "mean_dwell": 18.181818181818183,
  "std_dwell": 5.42918346142873
}