{
  "train_loss": [
    0.6340592718124389,
    0.5419119572639466,
    0.49768657743930816,
    0.4414575111865997,
    0.4226562571525574,
    0.36843730121850965,
    0.3910351306200027
  ],
  "val_future_rmse": [
    0.09234864264726639,
    0.114900603890419,
    0.07725498080253601,
    0.11342274397611618,
    0.09570011496543884,
    0.08112247288227081,
    0.08523647487163544
  ],
  "best_epoch": 3,
  "best_future_rmse": 0.07725498080253601
}