{
  "mean": 0.14886176586151123,
  "std": 0.32060617208480835
}