{
  "future_rmse_per_item": [
    0.2975699007511139,
    0.291858047246933,
    0.5394162535667419,
    0.4617719054222107,
    0.5140091180801392,
    0.43752679228782654
  ],
  "mean_future_rmse": 0.423691987991333,
  "interval_coverage": 0.05,
  "cutoff_fraction": 0.5,
  "dropout": 0.1,
  "band": [
    5.0,
    95.0
  ]
}