{
  "per_item_per_day_rmse": [
    [
      0.30789846181869507,
      0.2185707837343216,
      0.10774099826812744
    ],
    [
      0.33746138215065,
      0.25296029448509216,
      0.058964166790246964
    ],
    [
      0.4632193148136139,
      0.4386031925678253,
      0.14286766946315765
    ],
    [
      0.5135391354560852,
      0.3597675859928131,
      0.09052728861570358
    ],
    [
      0.5380629301071167,
      0.39622339606285095,
      0.08766475319862366
    ],
    [
      0.422589510679245,
      0.3006851375102997,
      0.09040515124797821
    ]
  ],
  "mean_per_day": [
    0.430461789170901,
    0.3278017317255338,
    0.09636167126397292
  ]
}