{
  "train_loss": [
    0.7336527937650681,
    0.4951201152801514,
    0.3759170362353325,
    0.32044554710388184,
    0.3023326131701469,
    0.2673950833082199,
    0.24916118502616882,
    0.24697962105274202
  ],
  "val_future_rmse": [
    0.2757504880428314,
    0.3278903365135193,
    0.30341875553131104,
    0.23929443955421448,
    0.2778238356113434,
    0.3329584002494812,
    0.28320857882499695,
    0.3137660026550293
  ],
  "best_epoch": 4,
  "best_future_rmse": 0.23929443955421448
}