{
  "config": {
    "systems_per_regime": 2,
    "variants_per_system": 1,
    "seq_length": 60,
    "incremental_missing_rate": 0.15,
    "sparse_missing_rate": 0.5,
    "n_samples": 2,
    "bands": [
      [
        5,
        95
      ],
      [
        10,
        90
      ]
    ],
    "d_shifted": false
  },
  "regimes": {
    "overdamped": {
      "systems": [
        {
          "system_id": 0,
          "c": 3.6887261493399315,
          "d": 0.8909344089868679,
          "variants": [
            {
              "variant_id": 0,
              "day_metrics": {
                "day_1": {
                  "success": true,
                  "rmse": 0.15912234885215223,
                  "coverage": {
                    "5-95": 0.4418604651162791,
                    "10-90": 0.4186046511627907
                  },
                  "mean_width": {
                    "5-95": 0.22904029555297314,
                    "10-90": 0.20359137396472118
                  }
                },
                "day_2": {
                  "success": true,
                  "rmse": 0.05117626496396287,
                  "coverage": {
                    "5-95": 0.46153846153846156,
                    "10-90": 0.38461538461538464
                  },
                  "mean_width": {
                    "5-95": 0.05515903799701919,
                    "10-90": 0.04903025600365859
                  }
                },
                "day_3": {
                  "success": true,
                  "rmse": 0.023385654745878604,
                  "coverage": {
                    "5-95": 0.4444444444444444,
                    "10-90": 0.4444444444444444
                  },
                  "mean_width": {
                    "5-95": 0.048298802909183695,
                    "10-90": 0.04293226925260771
                  }
                }
              }
            }
          ],
          "sparse_variants": [
            {
              "variant_id": 0,
              "sparse": [
                {
                  "rep": 0,
                  "rmse": 0.0356263103304024,
                  "coverage": {
                    "5-95": 0.43333333333333335,
                    "10-90": 0.3333333333333333
                  },
                  "mean_width": {
                    "5-95": 0.03786877787743782,
                    "10-90": 0.0336611358714654
                  }
                }
              ]
            }
          ],
          "aggregate": {
            "day3_rmse_mean": 0.023385654745878604,
            "day3_rmse_std": 0.0
          },
          "selected_for_plot": true
        },
        {
          "system_id": 1,
          "c": 3.6304516355735634,
          "d": 0.9267033358839012,
          "variants": [
            {
              "variant_id": 0,
              "day_metrics": {
                "day_1": {
                  "success": true,
                  "rmse": 0.29511272077093353,
                  "coverage": {
                    "5-95": 0.09302325581395349,
                    "10-90": 0.09302325581395349
                  },
                  "mean_width": {
                    "5-95": 0.05635146512423829,
                    "10-90": 0.05009019122663083
                  }
                },
                "day_2": {
                  "success": true,
                  "rmse": 0.0603254191874792,
                  "coverage": {
                    "5-95": 0.15384615384615385,
                    "10-90": 0.07692307692307693
                  },
                  "mean_width": {
                    "5-95": 0.033563332395435366,
                    "10-90": 0.02983407325720886
                  }
                },
                "day_3": {
                  "success": true,
                  "rmse": 0.043411222409513575,
                  "coverage": {
                    "5-95": 0.1111111111111111,
                    "10-90": 0.1111111111111111
                  },
                  "mean_width": {
                    "5-95": 0.029001598575599252,
                    "10-90": 0.02577919872171692
                  }
                }
              }
            }
          ],
          "sparse_variants": [
            {
              "variant_id": 0,
              "sparse": [
                {
                  "rep": 0,
                  "rmse": 0.04952678200014965,
                  "coverage": {
                    "5-95": 0.3,
                    "10-90": 0.26666666666666666
                  },
                  "mean_width": {
                    "5-95": 0.055060259928123405,
                    "10-90": 0.04894245328128842
                  }
                }
              ]
            }
          ],
          "aggregate": {
            "day3_rmse_mean": 0.043411222409513575,
            "day3_rmse_std": 0.0
          },
          "selected_for_plot": true
        }
      ]
    },
    "critically_damped": {
      "systems": [
        {
          "system_id": 0,
          "c": 2.526351884197656,
          "d": 1.1189461829330936,
          "variants": [
            {
              "variant_id": 0,
              "day_metrics": {
                "day_1": {
                  "success": true,
                  "rmse": 0.20015686570008132,
                  "coverage": {
                    "5-95": 0.37209302325581395,
                    "10-90": 0.3488372093023256
                  },
                  "mean_width": {
                    "5-95": 0.20035197379173728,
                    "10-90": 0.1780906435102893
                  }
                },
                "day_2": {
                  "success": true,
                  "rmse": 0.2300784308057569,
                  "coverage": {
                    "5-95": 0.07692307692307693,
                    "10-90": 0.07692307692307693
                  },
                  "mean_width": {
                    "5-95": 0.05257396777531233,
                    "10-90": 0.046732415755068896
                  }
                },
                "day_3": {
                  "success": true,
                  "rmse": 0.039819016538195834,
                  "coverage": {
                    "5-95": 0.3333333333333333,
                    "10-90": 0.3333333333333333
                  },
                  "mean_width": {
                    "5-95": 0.021971939335199264,
                    "10-90": 0.01953061274543662
                  }
                }
              }
            }
          ],
          "sparse_variants": [
            {
              "variant_id": 0,
              "sparse": [
                {
                  "rep": 0,
                  "rmse": 0.04923863305855017,
                  "coverage": {
                    "5-95": 0.16666666666666666,
                    "10-90": 0.13333333333333333
                  },
                  "mean_width": {
                    "5-95": 0.03640106489664671,
                    "10-90": 0.032356502123063194
                  }
                }
              ]
            }
          ],
          "aggregate": {
            "day3_rmse_mean": 0.039819016538195834,
            "day3_rmse_std": 0.0
          },
          "selected_for_plot": true
        },
        {
          "system_id": 1,
          "c": 2.514487613534335,
          "d": 1.0705018683003897,
          "variants": [
            {
              "variant_id": 0,
              "day_metrics": {
                "day_1": {
                  "success": true,
                  "rmse": 0.31199152073579917,
                  "coverage": {
                    "5-95": 0.06976744186046512,
                    "10-90": 0.06976744186046512
                  },
                  "mean_width": {
                    "5-95": 0.0661681649098523,
                    "10-90": 0.0588161466097388
                  }
                },
                "day_2": {
                  "success": true,
                  "rmse": 0.4016831515336953,