regime,system_id,c,d,day3_rmse_mean,day3_rmse_std,selected_for_plot
overdamped,0,3.6887261493399315,0.8909344089868679,0.023385654745878604,0.0,True
overdamped,1,3.6304516355735634,0.9267033358839012,0.043411222409513575,0.0,True
critically_damped,0,2.526351884197656,1.1189461829330936,0.039819016538195834,0.0,True
critically_damped,1,2.514487613534335,1.0705018683003897,0.04084234768059947,0.0,True
underdamped,0,0.20321197796967583,0.9564438202407636,0.0846208609853449,0.0,True
underdamped,1,0.18356686525134944,0.9331255711465538,0.1511500093490257,0.0,True
