{
  "num_sequences": 30,
  "mean_flips": 36.666666666666664,
  "std_flips": 4.818944098266987,
  "mean_dwell": 5.3097345132743365,
  "std_dwell": 3.7257288792569416
}