{
  "train_loss": [
    0.6461376443505287,
    0.5082185611128807,
    0.45765072517096994,
    0.3867372328415513,
    0.36830621864646673
  ],
  "val_future_rmse": [
    0.09850312769412994,
    0.10360922664403915,
    0.1184651330113411,
    0.11584920436143875,
    0.14538569748401642
  ],
  "best_epoch": 1,
  "best_future_rmse": 0.09850312769412994
}