{
  "future_rmse_per_item": [
    0.4170474112033844,
    0.6953427195549011,
    0.7168379426002502,
    0.4013849198818207,
    0.4744921028614044,
    0.5850460529327393
  ],
  "mean_future_rmse": 0.5483585000038147,
  "interval_coverage": 0.15,
  "cutoff_fraction": 0.5,
  "dropout": 0.1,
  "band": [
    5.0,
    95.0
  ]
}