{
  "per_item_per_day_rmse": [
    [
      0.4545283019542694,
      0.4218510389328003,
      0.18176418542861938
    ],
    [
      0.5808457732200623,
      0.6489773988723755,
      0.10450263321399689
    ],
    [
      0.8164775967597961,
      0.751927375793457,
      0.24586570262908936
    ],
    [
      0.3558342158794403,
      0.44105762243270874,
      0.08370751887559891
    ],
    [
      0.6584595441818237,
      0.45357710123062134,
      0.2585643231868744
    ],
    [
      0.4434238076210022,
      0.39531010389328003,
      0.07109732180833817
    ]
  ],
  "mean_per_day": [
    0.551594873269399,
    0.5187834401925405,
    0.15758361419041952
  ]
}