{
  "train_loss": [
    0.6757038170099259,
    0.5005713021755218,
    0.37396883487701416,
    0.3078795778751373,
    0.23288405507802964,
    0.2207694286108017,
    0.19830976277589799,
    0.20545617774128913,
    0.17778489634394645,
    0.19005661696195603,
    0.18528680853545665,
    0.16447965256869793
  ],
  "val_future_rmse": [
    0.3583005666732788,
    0.4283304512500763,
    0.31204530596733093,
    0.24311640858650208,
    0.2483016550540924,
    0.35537269711494446,
    0.3010951280593872,
    0.23505280911922455,
    0.37895986437797546,
    0.27074772119522095,
    0.30098220705986023,
    0.21431617438793182
  ],
  "best_epoch": 12,
  "best_future_rmse": 0.21431617438793182
}