{
  "future_rmse_per_item": [
    0.17791186273097992,
    0.32690802216529846,
    0.1451258808374405,
    0.15569770336151123,
    0.23182548582553864,
    0.2364814728498459
  ],
  "mean_future_rmse": 0.2123250514268875,
  "interval_coverage": 0.41833333333333333,
  "cutoff_fraction": 0.5,
  "dropout": 0.1,
  "band": [
    5.0,
    95.0
  ]
}