{
  "per_item_per_day_rmse": [
    [
      0.3428814113140106,
      0.2991146445274353,
      0.39930981397628784
    ],
    [
      0.2800527513027191,
      0.30919933319091797,
      0.19186189770698547
    ],
    [
      0.20618222653865814,
      0.18929417431354523,
      0.2435230016708374
    ],
    [
      0.21012580394744873,
      0.19610202312469482,
      0.20715102553367615
    ],
    [
      0.22214965522289276,
      0.2145843803882599,
      0.2363123595714569
    ],
    [
      0.2276485711336136,
      0.2623559236526489,
      0.22187499701976776
    ]
  ],
  "mean_per_day": [
    0.24817340324322382,
    0.24510841319958368,
    0.2500055159131686
  ]
}