{
  "train_loss": [
    0.8473068535327911,
    0.671370604634285,
    0.6617302000522614
  ],
  "val_future_rmse": [
    0.11407880485057831,
    0.1231650859117508,
    0.09991777688264847
  ],
  "best_epoch": 3,
  "best_future_rmse": 0.09991777688264847
}