regime,system_id,c,d,day3_rmse_mean,day3_rmse_std,selected_for_plot
overdamped,0,3.966464770048583,0.8909344089868679,0.025635287986497463,0.0015614604970395972,True
overdamped,1,3.774897762464005,0.9267033358839012,0.03030266517033083,0.005263506169769001,True
critically_damped,0,2.466012628521251,1.1189461829330936,0.05240642504074644,0.016362690432199296,True
critically_damped,1,2.435288097172158,1.0705018683003897,0.029631144555579636,0.01248524421239815,True
underdamped,0,0.1601491933731702,0.9564438202407636,0.13212358884705966,0.06854704094248905,True
underdamped,1,0.19132984557371896,0.9331255711465538,0.07861467453416066,0.01586762039543992,True
