{
  "future_rmse_per_item": [
    0.12438134104013443,
    0.20323532819747925,
    0.1931101679801941,
    0.10621484369039536,
    0.20259687304496765,
    0.19124197959899902
  ],
  "mean_future_rmse": 0.17013007402420044,
  "interval_coverage": 0.405,
  "cutoff_fraction": 0.5,
  "dropout": 0.1,
  "band": [
    5.0,
    95.0
  ]
}