{
  "per_item_per_day_rmse": [
    [
      0.1413997858762741,
      0.12575393915176392,
      0.1324959546327591
    ],
    [
      0.21354083716869354,
      0.2117869108915329,
      0.2244795858860016
    ],
    [
      0.1708482801914215,
      0.1672447919845581,
      0.16343830525875092
    ],
    [
      0.15675389766693115,
      0.14882661402225494,
      0.2031034380197525
    ],
    [
      0.20803923904895782,
      0.1921539604663849,
      0.23951393365859985
    ],
    [
      0.2134246826171875,
      0.20038942992687225,
      0.21728408336639404
    ]
  ],
  "mean_per_day": [
    0.18400112042824426,
    0.17435927440722784,
    0.19671921680370966
  ]
}