{
  "num_sequences": 30,
  "mean_flips": 46.5,
  "std_flips": 5.39598616257183,
  "mean_dwell": 4.2105263157894735,
  "std_dwell": 2.6938320849561244
}