{
  "train_loss": [
    0.7890746176242829,
    0.6342927575111389,
    0.6189244717359543
  ],
  "val_future_rmse": [
    0.11673399060964584,
    0.14956077933311462,
    0.11481243371963501
  ],
  "best_epoch": 3,
  "best_future_rmse": 0.11481243371963501
}