{
  "future_rmse_per_item": [
    0.15386240184307098,
    0.25112420320510864,
    0.14104020595550537,
    0.15341122448444366,
    0.20377008616924286,
    0.20535151660442352
  ],
  "mean_future_rmse": 0.1847599297761917,
  "interval_coverage": 0.4166666666666667,
  "cutoff_fraction": 0.5,
  "dropout": 0.1,
  "band": [
    5.0,
    95.0
  ]
}