{
  "per_item_per_day_rmse": [
    [
      0.19289909303188324,
      0.1725389063358307,
      0.19729985296726227
    ],
    [
      0.26328080892562866,
      0.29127123951911926,
      0.30168062448501587
    ],
    [
      0.18236657977104187,
      0.15610800683498383,
      0.21167878806591034
    ],
    [
      0.16787955164909363,
      0.1741245836019516,
      0.216395303606987
    ],
    [
      0.2859305441379547,
      0.25749069452285767,
      0.3410033881664276
    ],
    [
      0.19957412779331207,
      0.193379744887352,
      0.19098100066184998
    ]
  ],
  "mean_per_day": [
    0.21532178421815237,
    0.2074855292836825,
    0.24317315965890884
  ]
}