{
  "num_sequences": 30,
  "mean_flips": 27.033333333333335,
  "std_flips": 3.563550040183088,
  "mean_dwell": 7.13436385255648,
  "std_dwell": 4.644024568306655
}