{
  "train_loss": [
    0.8869205296039582,
    0.6945107758045197,
    0.5547264248132706
  ],
  "val_future_rmse": [
    0.14672040939331055,
    0.15124253928661346,
    0.13035430014133453
  ],
  "best_epoch": 3,
  "best_future_rmse": 0.13035430014133453
}